ID,name,createdAt,createdBy,modifiedAt,modifiedBy
24359428-f2a7-464e-b883-fc660e408b15,name-24359428,2007-11-17T00:00:00.000Z,createdBy.ei3us@example.org,2017-12-23T00:00:00.000Z,modifiedBy.ei3us@example.org
17391123-4354-467d-ad88-d3a780caa548,name-17391123,2015-04-05T00:00:00.000Z,createdBy.acr2r@example.net,2017-02-01T00:00:00.000Z,modifiedBy.acr2r@example.org
17391124-47af-4b86-85bf-3747f7b95d6a,name-17391124,2008-06-24T00:00:00.000Z,createdBy.acr2s@example.net,2023-10-19T00:00:00.000Z,modifiedBy.acr2s@example.org
17391125-34ab-4d95-b928-a440621c8f74,name-17391125,2005-07-09T00:00:00.000Z,createdBy.acr2t@example.net,2005-04-04T00:00:00.000Z,modifiedBy.acr2t@example.org
17391126-d5cf-423f-9622-e07aa217260b,name-17391126,2005-03-03T00:00:00.000Z,createdBy.acr2u@example.org,2013-12-29T00:00:00.000Z,modifiedBy.acr2u@example.org
17391127-167b-44da-881d-3c95fa2fa3ad,name-17391127,2012-11-26T00:00:00.000Z,createdBy.acr2v@example.org,2016-04-17T00:00:00.000Z,modifiedBy.acr2v@example.net
17391128-8918-4d9a-b921-3c4615efeca1,name-17391128,2018-03-06T00:00:00.000Z,createdBy.acr2w@example.org,2015-05-16T00:00:00.000Z,modifiedBy.acr2w@example.net
17391129-7e95-4ecb-94e2-31767b30ba63,name-17391129,2015-11-02T00:00:00.000Z,createdBy.acr2x@example.net,2000-06-09T00:00:00.000Z,modifiedBy.acr2x@example.net
17391130-c039-4e61-b6b4-b113314b7f5d,name-17391130,2011-09-09T00:00:00.000Z,createdBy.acr2y@example.com,2023-01-04T00:00:00.000Z,modifiedBy.acr2y@example.net
17391131-37ac-4494-acfc-061eafb04aa9,name-17391131,2021-07-06T00:00:00.000Z,createdBy.acr2z@example.org,2005-11-06T00:00:00.000Z,modifiedBy.acr2z@example.org